item_id,display_name,tier,file,texture_asset_name,suggested_unreal_asset,present_in_current_tuning,original_width,original_height,sha256
arc_crystal,Arc Crystal,1,PNG_512/Tier_1_Components/T_arc_crystal_Icon.png,T_arc_crystal_Icon,/Game/Veyra/UI/Items/T_arc_crystal_Icon,True,1254,1254,8e8ae09e72a5f35aa41d3d4945d60d754908dc96938abe84a7b0506067f25b19
basic_boots,Basic Boots,1,PNG_512/Tier_1_Components/T_basic_boots_Icon.png,T_basic_boots_Icon,/Game/Veyra/UI/Items/T_basic_boots_Icon,True,1254,1254,5f7af7c50645649f551b973e833d736c7d1959d9cbc3c1ce10a813a6ee1ae84c
iron_grip,Iron Grip,1,PNG_512/Tier_1_Components/T_iron_grip_Icon.png,T_iron_grip_Icon,/Game/Veyra/UI/Items/T_iron_grip_Icon,True,1254,1254,ffe04cb0ed2aa68ff9c31d565f9d8193312c1b56b087c4d2d018806c8ea094fb
keensteel,Keensteel,1,PNG_512/Tier_1_Components/T_keensteel_Icon.png,T_keensteel_Icon,/Game/Veyra/UI/Items/T_keensteel_Icon,False,1254,1254,d859fa3ee77b3f84093eae744185c562991f97252c2dd586ed734639bd19a5c9
quickcoil,Quickcoil,1,PNG_512/Tier_1_Components/T_quickcoil_Icon.png,T_quickcoil_Icon,/Game/Veyra/UI/Items/T_quickcoil_Icon,True,1254,1254,d6c787b14888c812f782b3ab37d7af49bf81b459098ad8e992ee5358f9399a84
renewal_mesh,Renewal Mesh,1,PNG_512/Tier_1_Components/T_renewal_mesh_Icon.png,T_renewal_mesh_Icon,/Game/Veyra/UI/Items/T_renewal_mesh_Icon,True,1254,1254,3858ff7fb5fec8c8d3274af5cc862b3039aebccc3f32dcc308deae4ac5a30f12
timing_coil,Timing Coil,1,PNG_512/Tier_1_Components/T_timing_coil_Icon.png,T_timing_coil_Icon,/Game/Veyra/UI/Items/T_timing_coil_Icon,True,1254,1254,7291e4c7a47c6517e6574ef2f8d88c9bc3e0f63072a9233d0988dd50676d9987
vital_plate,Vital Plate,1,PNG_512/Tier_1_Components/T_vital_plate_Icon.png,T_vital_plate_Icon,/Game/Veyra/UI/Items/T_vital_plate_Icon,True,1254,1254,7d52a5b8453c4b6fe39a4d68a11968d59bdf773e6f0aa90349b0cc53aa5664dd
accelerant_gear,Accelerant Gear,2,PNG_512/Tier_2_Assemblies/T_accelerant_gear_Icon.png,T_accelerant_gear_Icon,/Game/Veyra/UI/Items/T_accelerant_gear_Icon,True,1254,1254,bc6e77cfc3d14ecfc95f08b2aab2d4904bf00fbe5ac149592c60a8e349d2d420
arcane_boots,Arcane Boots,2,PNG_512/Tier_2_Assemblies/T_arcane_boots_Icon.png,T_arcane_boots_Icon,/Game/Veyra/UI/Items/T_arcane_boots_Icon,False,1254,1254,892184ce43029fd3bee668e818138052a919fec350c4eecd4b3dae8c7dfb05e3
bloodforged_bracer,Bloodforged Bracer,2,PNG_512/Tier_2_Assemblies/T_bloodforged_bracer_Icon.png,T_bloodforged_bracer_Icon,/Game/Veyra/UI/Items/T_bloodforged_bracer_Icon,True,1254,1254,60bdb9c3b28a38e4bef809902d9907d40955bf85ab6eba757b040551bf4b1af1
catalyst_coil,Catalyst Coil,2,PNG_512/Tier_2_Assemblies/T_catalyst_coil_Icon.png,T_catalyst_coil_Icon,/Game/Veyra/UI/Items/T_catalyst_coil_Icon,True,1254,1254,a63823acfc377e8ddf5ab58c6bd03b260f6d3f2eccf73217281f83a14c5c9203
deadeye_edge,Deadeye Edge,2,PNG_512/Tier_2_Assemblies/T_deadeye_edge_Icon.png,T_deadeye_edge_Icon,/Game/Veyra/UI/Items/T_deadeye_edge_Icon,False,1254,1254,f5413cef6fb1ad302bcf517c7669a498a2cf5c46aba08a8c6e359d8066758716
grand_prism,Grand Prism,2,PNG_512/Tier_2_Assemblies/T_grand_prism_Icon.png,T_grand_prism_Icon,/Game/Veyra/UI/Items/T_grand_prism_Icon,True,1254,1254,3da922698bb77ceaa8bce1d2791eabea38da7301be5f4fbd2a983b24a44e0894
nullglass_shard,Nullglass Shard,2,PNG_512/Tier_2_Assemblies/T_nullglass_shard_Icon.png,T_nullglass_shard_Icon,/Game/Veyra/UI/Items/T_nullglass_shard_Icon,True,1254,1254,e3ea0d30a13556b8fd5e55e13850b01a9398bd14e871b15f83bff3d7821e29c3
razorwheel,Razorwheel,2,PNG_512/Tier_2_Assemblies/T_razorwheel_Icon.png,T_razorwheel_Icon,/Game/Veyra/UI/Items/T_razorwheel_Icon,True,1254,1254,181eee5312f62740c81f81f9a734f0fd31af3c1f4bb8c4e86ba69f67b23ebce5
reinforced_chassis,Reinforced Chassis,2,PNG_512/Tier_2_Assemblies/T_reinforced_chassis_Icon.png,T_reinforced_chassis_Icon,/Game/Veyra/UI/Items/T_reinforced_chassis_Icon,True,1254,1254,c791aa3ff8cabd3b7f23bb6c7420c91ffa192f56e4a774796b9e3468388ae692
siege_frame,Siege Frame,2,PNG_512/Tier_2_Assemblies/T_siege_frame_Icon.png,T_siege_frame_Icon,/Game/Veyra/UI/Items/T_siege_frame_Icon,True,1254,1254,c76e40a2705e6bb03dab8d0fbad2274587f09d2ad11364cfb5368215f0a85a74
spellguard_plate,Spellguard Plate,2,PNG_512/Tier_2_Assemblies/T_spellguard_plate_Icon.png,T_spellguard_plate_Icon,/Game/Veyra/UI/Items/T_spellguard_plate_Icon,True,1254,1254,6accb2a93c0139a300247de9927a98030bedd15c8aa4cd5128100c66a72032c8
striker_assembly,Striker Assembly,2,PNG_512/Tier_2_Assemblies/T_striker_assembly_Icon.png,T_striker_assembly_Icon,/Game/Veyra/UI/Items/T_striker_assembly_Icon,True,1254,1254,e285d65e68c1ad0d4dbd74b08d388ff823bdf72c882ef48c04e6b93fdcdb7642
swift_boots,Swift Boots,2,PNG_512/Tier_2_Assemblies/T_swift_boots_Icon.png,T_swift_boots_Icon,/Game/Veyra/UI/Items/T_swift_boots_Icon,True,1254,1254,c469678aa0a728df612d823749d5ec3a7aa2cbf7c67fb001482cabd9aea3c252
war_boots,War Boots,2,PNG_512/Tier_2_Assemblies/T_war_boots_Icon.png,T_war_boots_Icon,/Game/Veyra/UI/Items/T_war_boots_Icon,True,1254,1254,c96112c1d32f7a8164263a34828c1a8a0073709af6f9be78ac2f0d3758ab90ee
war_harness,War Harness,2,PNG_512/Tier_2_Assemblies/T_war_harness_Icon.png,T_war_harness_Icon,/Game/Veyra/UI/Items/T_war_harness_Icon,True,1254,1254,a0a24c1313090cd6fca40a38b4fb8e27cbd0e43200e2bfabfe8add956229e5de
war_mechanism,War Mechanism,2,PNG_512/Tier_2_Assemblies/T_war_mechanism_Icon.png,T_war_mechanism_Icon,/Game/Veyra/UI/Items/T_war_mechanism_Icon,True,1254,1254,c29947e998bff709834b7ba2cf6f1711cc3409d4a6aa820a492bc64ae6e1b95c
arc_reactor,Arc Reactor,3,PNG_512/Tier_3_Masterworks/T_arc_reactor_Icon.png,T_arc_reactor_Icon,/Game/Veyra/UI/Items/T_arc_reactor_Icon,True,1254,1254,619ab5c34b941ce29f94d29d8cd9caeb08b7fb7ab80cefa131b43a9507ae0231
colossus_temper,Colossus Temper,3,PNG_512/Tier_3_Masterworks/T_colossus_temper_Icon.png,T_colossus_temper_Icon,/Game/Veyra/UI/Items/T_colossus_temper_Icon,True,1254,1254,622f59fc62d5110746135671a767e0f7439cfb382518755c846140a268a600c9
crown_of_the_crucible,Crown of the Crucible,3,PNG_512/Tier_3_Masterworks/T_crown_of_the_crucible_Icon.png,T_crown_of_the_crucible_Icon,/Game/Veyra/UI/Items/T_crown_of_the_crucible_Icon,True,1254,1254,7d517674e67ea856733ecfa8b182090771d0fdb39d5f58236e3c1fd76d563567
cycler_core,Cycler Core,3,PNG_512/Tier_3_Masterworks/T_cycler_core_Icon.png,T_cycler_core_Icon,/Game/Veyra/UI/Items/T_cycler_core_Icon,True,1254,1254,14a53f597684493aaae5f690408dee6f618e3cfd92d4c971dd6b6f638a7e3e39
gravitic_seal,Gravitic Seal,3,PNG_512/Tier_3_Masterworks/T_gravitic_seal_Icon.png,T_gravitic_seal_Icon,/Game/Veyra/UI/Items/T_gravitic_seal_Icon,False,1254,1254,33bbf63b6c0647a12d9b3f3efb272c5ea9a995c41c411576fb04584bd19405b6
impact_aegis,Impact Aegis,3,PNG_512/Tier_3_Masterworks/T_impact_aegis_Icon.png,T_impact_aegis_Icon,/Game/Veyra/UI/Items/T_impact_aegis_Icon,False,1254,1254,e773d47e263aa191a7dd52b0c41fb5bbbeebfabfc52e9f493f80ee2ff99f31cb
nullglass_lens,Nullglass Lens,3,PNG_512/Tier_3_Masterworks/T_nullglass_lens_Icon.png,T_nullglass_lens_Icon,/Game/Veyra/UI/Items/T_nullglass_lens_Icon,False,1254,1254,07a077f7e962f920f2ba7fb90b3ae35ac0580e0774dab7b457c2d79251ee7136
razorwheel_prime,Razorwheel Prime,3,PNG_512/Tier_3_Masterworks/T_razorwheel_prime_Icon.png,T_razorwheel_prime_Icon,/Game/Veyra/UI/Items/T_razorwheel_prime_Icon,False,1254,1254,21fe3ee93c1845886c273a14df1a240f4f99b873abb1e20d775f93f0ac648d4c
siegeheart_core,Siegeheart Core,3,PNG_512/Tier_3_Masterworks/T_siegeheart_core_Icon.png,T_siegeheart_core_Icon,/Game/Veyra/UI/Items/T_siegeheart_core_Icon,False,1254,1254,e0221906ddc044540a167ee48d6060d04a486e513c5c1d00edc6098d801176d1
sovereign_edge,Sovereign Edge,3,PNG_512/Tier_3_Masterworks/T_sovereign_edge_Icon.png,T_sovereign_edge_Icon,/Game/Veyra/UI/Items/T_sovereign_edge_Icon,False,1254,1254,930e2934cfd28a6e40e9d963f65578c08d3c53748ce33f45ee61ce9532679b20
starfall_prism,Starfall Prism,3,PNG_512/Tier_3_Masterworks/T_starfall_prism_Icon.png,T_starfall_prism_Icon,/Game/Veyra/UI/Items/T_starfall_prism_Icon,False,1254,1254,adb63720870606a191628e5e4bad8f2c9f0a9a7b70ac9839c4176d877dc4c25c
field_tonic,Field Tonic,Consumable,PNG_512/Consumables/T_field_tonic_Icon.png,T_field_tonic_Icon,/Game/Veyra/UI/Items/T_field_tonic_Icon,True,1254,1254,67bda19bfc17c15209c3be999682b4cffd88bb5c8f9a937df40ff756fc94c0d7
flux_flask,Flux Flask,Consumable,PNG_512/Consumables/T_flux_flask_Icon.png,T_flux_flask_Icon,/Game/Veyra/UI/Items/T_flux_flask_Icon,False,1254,1254,1bca17c3fcd89b28640e90925e7dcabf41ccdf56f8b4b6b345b269d4a68bdbf0
