ability_id,art_id,display_name,group,slot,variant,file,sha256
blink,blink,Blink,flux,Spell,Base,ConceptArt/Skills/Flux_Spells/T_blink_Icon.png,fca70ec2b32a4eb77644b96ae226632d09edca9fa9531cf680585d40c6532d45
mend,mend,Mend,flux,Spell,Base,ConceptArt/Skills/Flux_Spells/T_mend_Icon.png,afbfb77ebe9cd23945fb827acbf74bcdf793fbdd083589bf2ca03f827420415f
wildstrike,wildstrike,Wildstrike,flux,Spell,Base,ConceptArt/Skills/Flux_Spells/T_wildstrike_Icon.png,5c88a363b887d2b439399db9b7adb0c2d101f3c77ec55d45a11ccf66c5549be3
scorch,scorch,Scorch,flux,Spell,Base,ConceptArt/Skills/Flux_Spells/T_scorch_Icon.png,fe6cca71d948c6fcc406ac0df1ce3d9e176bc2e93bda63d84c8057717a68f774
cairn_deep_foundation,cairn_deep_foundation,Deep Foundation,cairn,Passive,Base,ConceptArt/Skills/Vanguards/Cairn/T_cairn_deep_foundation_Icon.png,7f680345f83522db3603eff22bd82050162ccb60d523bac5ff943029b528c482
enfeeble,enfeeble,Enfeeble,flux,Spell,Base,ConceptArt/Skills/Flux_Spells/T_enfeeble_Icon.png,cb41573413e89f627ab528a204be87306ba6a02a657da4e0524aef1815ac4cac
cairn_iron_grasp,cairn_iron_grasp,Iron Grasp,cairn,Q,Base,ConceptArt/Skills/Vanguards/Cairn/T_cairn_iron_grasp_Icon.png,f312669ae69c143f4626edfb1baea275f00d72d98145d91828d3b14c48ddefab
cairn_immovable,cairn_immovable,Immovable,cairn,E,Base,ConceptArt/Skills/Vanguards/Cairn/T_cairn_immovable_Icon.png,d1352653c27cd7ee2f83a67179f4ff7ebc69969dd8088e62c6468ab009f1b75a
cairn_crushing_hold,cairn_crushing_hold,Crushing Hold,cairn,W,Base,ConceptArt/Skills/Vanguards/Cairn/T_cairn_crushing_hold_Icon.png,9637e8cd027ee63d657c42bc1962f17595801fcb6befc838f84125abaec85fe5
cairn_burden_of_the_depths,cairn_burden_of_the_depths,Burden of the Depths,cairn,R,Base,ConceptArt/Skills/Vanguards/Cairn/T_cairn_burden_of_the_depths_Icon.png,7e0e2bbba2411314a80c0f2d2fa53b46d0f7af290371d12ab45a9e24cd20cd57
qazharr_heavy_hand,qazharr_heavy_hand,Heavy Hand,qazharr,Q,Base,ConceptArt/Skills/Vanguards/Qazharr/T_qazharr_heavy_hand_Icon.png,18227c8f2b333cbade2b28f0cbc9af84069e754fab528afb27dbb9c06026872c
qazharr_sea_dog,qazharr_sea_dog,Sea Dog,qazharr,Passive,Base,ConceptArt/Skills/Vanguards/Qazharr/T_qazharr_sea_dog_Icon.png,1b4fe016864efb270bc4bd1a16a5e434666ad1425c432345698f454d01bfe94d
qazharr_weather_it,qazharr_weather_it,Weather It,qazharr,W,Base,ConceptArt/Skills/Vanguards/Qazharr/T_qazharr_weather_it_Icon.png,1a86571275a8caf1779929db71f4c477c57a57c05b7d54dd36ad6c3eff84f6fb
qazharr_boarding_rush,qazharr_boarding_rush,Boarding Rush,qazharr,E,Base,ConceptArt/Skills/Vanguards/Qazharr/T_qazharr_boarding_rush_Icon.png,1ecab634a2027b28a10009877050b23feb0fa24b11715a553bd6a063da75a90c
oriel_splinter_lance,oriel_splinter_lance,Splinter Lance,oriel,Q,Base,ConceptArt/Skills/Vanguards/Oriel/T_oriel_splinter_lance_Icon.png,05062cf54ee42d0a475c97fec634267de43a5b328f29d42af0b4fcc0ffd25138
qazharr_no_quarter,qazharr_no_quarter,NO QUARTER,qazharr,R,Base,ConceptArt/Skills/Vanguards/Qazharr/T_qazharr_no_quarter_Icon.png,1ee99d7b4bc74aa5232fa2bfd06aedd76cca3d081e288385bdc0c316d1c177d6
oriel_shattered_sky,oriel_shattered_sky,Shattered Sky,oriel,W,Base,ConceptArt/Skills/Vanguards/Oriel/T_oriel_shattered_sky_Icon.png,ec53d6ff8ae5b8f546f3266033290eac3ca48234d0c70185c558078146ed23a0
oriel_gathering_light,oriel_gathering_light,Gathering Light,oriel,Passive,Base,ConceptArt/Skills/Vanguards/Oriel/T_oriel_gathering_light_Icon.png,ea5798b86f07e34ba3632e861f41578d58319aee696e5d35cb13d2dcb91175d6
oriel_mirror_veil,oriel_mirror_veil,Mirror Veil,oriel,E,Base,ConceptArt/Skills/Vanguards/Oriel/T_oriel_mirror_veil_Icon.png,3eecd3b999f18a00fb3a557e3f02241ed6446588f601ec50c9c9a09f635dac87
oriel_final_radiance,oriel_final_radiance,Final Radiance,oriel,R,Base,ConceptArt/Skills/Vanguards/Oriel/T_oriel_final_radiance_Icon.png,bfa97282c6d06afeea564f47f2f7edbe0ead1bed3728460efa9d510826e8bdd6
bryn_breach,bryn_every_shot_counts,Every Shot Counts,bryn,Passive,Base,ConceptArt/Skills/Vanguards/Bryn/T_bryn_breach_Icon.png,530f41788a336c7da78c7eb44cc4759def8b0f5f86d3993123cd9cee5141f162
bryn_breach_round,bryn_breach_round,Breach Round,bryn,Q,Base,ConceptArt/Skills/Vanguards/Bryn/T_bryn_breach_round_Icon.png,5160835e7bf50e41ddf609334d18bb7fea75b0fc91d45d383316192bc61e61fa
bryn_kickback,bryn_kickback,Kickback,bryn,E,Base,ConceptArt/Skills/Vanguards/Bryn/T_bryn_kickback_Icon.png,9c04c4ac144b276a2d015108ccd807240041c48d31f557fad307ee96887d089b
bryn_sounding_flare,bryn_sounding_flare,Sounding Flare,bryn,W,Base,ConceptArt/Skills/Vanguards/Bryn/T_bryn_sounding_flare_Icon.png,bc47174cfb0da6cc14fb6ec07f3f95a436fbfd50c7b2e048be2105657a2927b3
bryn_last_broadside,bryn_last_broadside,Last Broadside,bryn,R,Base,ConceptArt/Skills/Vanguards/Bryn/T_bryn_last_broadside_Icon.png,9be1ad16228aed877ef5e13a2a8d21189d4fd22d5692f8baf1a272d932405688
raska_redline,raska_redline,Redline,raska,Passive,Base,ConceptArt/Skills/Vanguards/Raska/T_raska_redline_Icon.png,b95fbcaa359e5b2ea5c10cc3040a71421f477df02a9467cd45b67491aca2907e
raska_breakneck,raska_breakneck,Breakneck,raska,Q,Base,ConceptArt/Skills/Vanguards/Raska/T_raska_breakneck_Icon.png,66e503487e38c1204b138828e26616cedc8d8f41b7a158e7927afc94c31a33dd
raska_countersteer,raska_countersteer,Countersteer,raska,W,Base,ConceptArt/Skills/Vanguards/Raska/T_raska_countersteer_Icon.png,307ba30362a4695701919cea876bdb9e1e37475dc64c04d635811c8267527b87
raska_kickstart,raska_kickstart,Kickstart,raska,E,Base,ConceptArt/Skills/Vanguards/Raska/T_raska_kickstart_Icon.png,2cb1c9bf3d895dc998119fa84dde48226ef7c1772f94ae2c233455f2960c4971
raska_no_brakes,raska_no_brakes,NO BRAKES,raska,R,Base,ConceptArt/Skills/Vanguards/Raska/T_raska_no_brakes_Icon.png,8184e9cb6a99c66a59905150808ec0fccaa33a74fcedca4cd9e7535d76ba7f55
kade_moving_target,kade_moving_target,Moving Target,kade,Passive,Base,ConceptArt/Skills/Vanguards/Kade/T_kade_moving_target_Icon.png,fd18af926faac6f443df29c74b3687a94c0fd513b4959d5af13ed84694b190de
kade_throughline,kade_throughline,Throughline,kade,Q,Base,ConceptArt/Skills/Vanguards/Kade/T_kade_throughline_Icon.png,2ed6cec710b7000cf36d540919b3400701b7ffc9a04b25a0128a4449c5bca442
kade_sightline,kade_sightline,Sightline,kade,W,Base,ConceptArt/Skills/Vanguards/Kade/T_kade_sightline_Icon.png,c7e25595733753c4cd090433c2298bc4e15ccdd5fb61e83add6fc04b617845f1
kade_reposition,kade_reposition,Reposition,kade,E,Base,ConceptArt/Skills/Vanguards/Kade/T_kade_reposition_Icon.png,bf7e7deccab6be535351af45491c412af22a960fe6b5fb45eae61f96c035d4a5
kade_kill_corridor,kade_kill_corridor,Kill Corridor,kade,R,Base,ConceptArt/Skills/Vanguards/Kade/T_kade_kill_corridor_Icon.png,d4ad91dc09a12adb60a5970052b601b38592d6b7bc2d7fcced9d460cee95eab2
silt_reclaim,silt_reclaim,Reclaim,silt,Passive,Base,ConceptArt/Skills/Vanguards/Silt/T_silt_reclaim_Icon.png,1f59b2af608ec1b1ec98f0a81fa611cbf5683591cbd9b4476f289d30c6ff7e3f
silt_scattershot,silt_scattershot,Scattershot,silt,Q,Base,ConceptArt/Skills/Vanguards/Silt/T_silt_scattershot_Icon.png,3928eb861b060e558abe63ee8b4e3171b2861fe2a2dd91391d063af124e256b8
silt_sink,silt_sink,Sink,silt,W,Base,ConceptArt/Skills/Vanguards/Silt/T_silt_sink_Icon.png,f8151a46cae01b136560fc5a14330642f56931c9e6894f372fd4da58868afadf
silt_sandstorm,silt_sandstorm,Sandstorm,silt,E,Base,ConceptArt/Skills/Vanguards/Silt/T_silt_sandstorm_Icon.png,a477c3ec963c424f6edda50bbf3acf099e3c6b695f5c5fba41e1e036928f2b9e
silt_buried_alive,silt_buried_alive,Buried Alive,silt,R,Base,ConceptArt/Skills/Vanguards/Silt/T_silt_buried_alive_Icon.png,39809ad2fa81b4c67074b191477cd80712d028db812a09bb7e8589a693aeb217
relay_charger,relay_charger,Charger,relay,Passive,Base,ConceptArt/Skills/Vanguards/Relay/T_relay_charger_Icon.png,2256d46b0c0c35a8ac41ea746dc2e560363fccfde16d4325bf81b0379e879005
relay_rapid_discharge,relay_rapid_discharge,Rapid Discharge,relay,Q,Base,ConceptArt/Skills/Vanguards/Relay/T_relay_rapid_discharge_Icon.png,c5be41c050f2f1337c257f207eecd8807b5bf9841d17b36aea387c0b879f7b65
relay_overcharge,relay_overcharge,Overcharge,relay,W,Base,ConceptArt/Skills/Vanguards/Relay/T_relay_overcharge_Icon.png,49234fa6a1d8a211e9cfbc2f0db16003087686d0ead3cef8cc336a24e7ad15ae
relay_magnetic_field,relay_magnetic_field,Magnetic Field,relay,E,Base,ConceptArt/Skills/Vanguards/Relay/T_relay_magnetic_field_Icon.png,cf3dcbfc07a78f5c49bdc9690d10ac3ac7eabd4076afb54f0583448982ffd756
relay_full_grid,relay_full_grid,Full Grid,relay,R,Base,ConceptArt/Skills/Vanguards/Relay/T_relay_full_grid_Icon.png,35296b467e41f2e6004b54458f1b3e375d2c7c1ecce06ef2afc255332e13326b
patch_haunted_attachment,patch_haunted_attachment,Haunted Attachment,patch,Passive,Base,ConceptArt/Skills/Vanguards/Patch/T_patch_haunted_attachment_Icon.png,6c315a0e1ef24cf86ce619a444349c2a7edd5703ae25f0ab3511ea7773a99b78
patch_bear_hug,patch_bear_hug,Bear Hug,patch,Q,Base,ConceptArt/Skills/Vanguards/Patch/T_patch_bear_hug_Icon.png,13c90a9a2d0e72079afde5482c09b97e8ae95f97ad5b1fa77495412c2ac20b3e
patch_play_dead,patch_play_dead,Play Dead,patch,W,Base,ConceptArt/Skills/Vanguards/Patch/T_patch_play_dead_Icon.png,af8e40429bca0966e13e456a7e46842e4395e5dc57a88cf34335feb0da946508
patch_dont_leave_me,patch_don_t_leave_me,Don't Leave Me,patch,E,Base,ConceptArt/Skills/Vanguards/Patch/T_patch_dont_leave_me_Icon.png,bd93ae79481194c73f23d7bc1b66b0d260d52b32ced4fc4e5bb5d890e28b10fd
patch_the_thing_inside,patch_the_thing_inside,The Thing Inside,patch,R,Base,ConceptArt/Skills/Vanguards/Patch/T_patch_the_thing_inside_Icon.png,ef108a73594061628391d3253d1708d31ae4aff03ff32efa171c6ef07fa551b4
tavi_youre_it,tavi_you_re_it,You're It!,tavi,Passive,Base,ConceptArt/Skills/Vanguards/Tavi/T_tavi_youre_it_Icon.png,3d1f70a234815b34d675513ec0b1bbe96dbf7c70b3356dddea02c538c7777918
tavi_catch,tavi_catch,Catch!,tavi,Q,Base,ConceptArt/Skills/Vanguards/Tavi/T_tavi_catch_Icon.png,eadd5321235b3601dcee97f803e37c3cceb0aa8d3e07722b356ec9e0ffa71007
tavi_hide,tavi_hide,Hide!,tavi,W,Base,ConceptArt/Skills/Vanguards/Tavi/T_tavi_hide_Icon.png,522a36097d18fcdfbfc52f652edd977d8e543437065845268d05027ffcd34796
tavi_tag,tavi_tag,Tag!,tavi,E,Base,ConceptArt/Skills/Vanguards/Tavi/T_tavi_tag_Icon.png,6f712eb1c0f0a06b4045944c3a687fafedf78e3dd50c2c57a73c321e80a3c9f9
tavi_ready_or_not,tavi_ready_or_not,Ready or Not!,tavi,R,Base,ConceptArt/Skills/Vanguards/Tavi/T_tavi_ready_or_not_Icon.png,a0ab814c6d1987b898f0ac37625733746e0e296f27bd4a0fdb2ec79a68f21bf7
vera_cadence,vera_cadence,Cadence,vera,Passive,Base,ConceptArt/Skills/Vanguards/Vera/T_vera_cadence_Icon.png,b4c409229262207bda6fa25feeefc913e9301b1480721d8f3aaae2ec56705080
vera_range_found,vera_range_found,Range Found,vera,Q,Base,ConceptArt/Skills/Vanguards/Vera/T_vera_range_found_Icon.png,ecae84f2fb8cb12975e2e16da5a8dcdccfbbf43aaa2a719ac67b9d903d846c9d
vera_dig_in,vera_dig_in,Dig In,vera,W,Base,ConceptArt/Skills/Vanguards/Vera/T_vera_dig_in_Icon.png,3a39ec3d82547d6a8d7ed66edaca47d69b485b568fb81d0f50693a84479326e0
vera_break_the_line,vera_break_the_line,Break the Line,vera,E,Base,ConceptArt/Skills/Vanguards/Vera/T_vera_break_the_line_Icon.png,cf7adf96b3317a3f6fcbec7e7f17c94d6bdd0859f529de68184e58738f4c12b7
vera_the_last_volley,vera_the_last_volley,The Last Volley,vera,R,Base,ConceptArt/Skills/Vanguards/Vera/T_vera_the_last_volley_Icon.png,a75fd41f3361dfc35e5f1930afb3827477fd0783c8b2e6ec5d2a4e441febffa1
korruk_embedded,korruk_embedded,Embedded,korruk,Passive,Base,ConceptArt/Skills/Vanguards/Korruk/T_korruk_embedded_Icon.png,a7da2063bac2e87356f8c51359363521e8445835162bacc25c7f4d6f47fcd2f7
korruk_spineburst,korruk_spineburst,Spineburst,korruk,Q,Base,ConceptArt/Skills/Vanguards/Korruk/T_korruk_spineburst_Icon.png,173c27e84fb8e40a65a048dee5dd1fd1cb2d59289f9d9f2bbeddd6d22409e046
korruk_pressure_mine,korruk_pressure_mine,Pressure Mine,korruk,W,Base,ConceptArt/Skills/Vanguards/Korruk/T_korruk_pressure_mine_Icon.png,3df2e538e85c3d505c752430f572b50c85a64beabeabe9bb28c8f5b5b3fd8cfd
korruk_rupture,korruk_rupture,Rupture,korruk,E,Base,ConceptArt/Skills/Vanguards/Korruk/T_korruk_rupture_Icon.png,febc9de7ef983d48774aca6888210c93d49d90e8cabe3a117fc0f42c67ea98b2
korruk_shatterfield,korruk_shatterfield,Shatterfield,korruk,R,Base,ConceptArt/Skills/Vanguards/Korruk/T_korruk_shatterfield_Icon.png,0c7513588b90e05937e6ce4ec5be847141c7b8dca5b3e1c5e4c76602314390fb
torr_unreturned,torr_unreturned,Unreturned,torr,Passive,Base,ConceptArt/Skills/Vanguards/Torr/T_torr_unreturned_Icon.png,7005b6d6f5bc475483316a640587e0c6a72c265c390fda028c1c8b9b67263025
torr_battering_mass,torr_battering_mass,Battering Mass,torr,Q,Base,ConceptArt/Skills/Vanguards/Torr/T_torr_battering_mass_Icon.png,f670dbf2e738e86714eb061b1fa12020edcb2ce14bc8efe7e4b20391ca4f8be1
torr_fortify,torr_fortify,Fortify,torr,W,Base,ConceptArt/Skills/Vanguards/Torr/T_torr_fortify_Icon.png,206074448df6cd648a66615d5f1a9501f8d5bacdf9acbb052af1f9fd432221f9
torr_anchor,torr_anchor,Anchor,torr,E,Base,ConceptArt/Skills/Vanguards/Torr/T_torr_anchor_Icon.png,0405d936f8bc193e86bfa43740693d0df241311d280d03e86d170e06a4148742
torr_overcapacity,torr_overcapacity,Overcapacity,torr,R,Base,ConceptArt/Skills/Vanguards/Torr/T_torr_overcapacity_Icon.png,59c1f06f1953412d4321a1866941f934343e1cd961fa8d308b19b04c3930eaae
marek_bound_together,marek_bound_together,Bound Together,marek,Passive,Base,ConceptArt/Skills/Vanguards/Marek/T_marek_bound_together_Icon.png,5ad987fe66c564407b5da8f8378b96a4f0e333d672b821c873fe4127d8f103ab
marek_witchfire,marek_witchfire,Witchfire,marek,Q,Base,ConceptArt/Skills/Vanguards/Marek/T_marek_witchfire_Icon.png,7068fd13b705b74be004b9bcff1f7142db6d9e9691cf6cdb2200d5237a755091
marek_hunt,marek_hunt,Hunt,marek,W,Base,ConceptArt/Skills/Vanguards/Marek/T_marek_hunt_Icon.png,c072cc80f9453f66895467b116d79e671bf0bf3081e759bd8ca0405c2a715ed5
marek_cross_the_chain,marek_cross_the_chain,Cross the Chain,marek,E,Base,ConceptArt/Skills/Vanguards/Marek/T_marek_cross_the_chain_Icon.png,a1c817601bb79fdb886c121290d070cd092c1dfe1ca4365807a426f8d45dc82b
marek_hell_on_a_leash,marek_hell_on_a_leash,Hell on a Leash,marek,R,Base,ConceptArt/Skills/Vanguards/Marek/T_marek_hell_on_a_leash_Icon.png,57a4f1eef6c7660e89a1f87ee2c24dd24f7e36d230fa1baafa994a12a5c27ee6
,neris_sea_state,Sea State,neris,Passive,Base,ConceptArt/SkillStates/Neris/T_neris_sea_state_Icon.png,0bd2f554061fc9798f7f672330e2cd77b5f23b9497adb2be0e3b890b878d72d9
neris_breaking_wave,neris_breaking_wave,Breaking Wave,neris,Q,Base,ConceptArt/Skills/Vanguards/Neris/T_neris_breaking_wave_Icon.png,1f394069f8d739c9f2038c6d53696b84fbc5c1fcf8307035946b9a1e7d4dcfd5
neris_little_current,neris_little_current,Little Current,neris,W,Base,ConceptArt/Skills/Vanguards/Neris/T_neris_little_current_Icon.png,6b1f679ca9f7d8fd6ef1c57f8c374b879c7ecf127f2312b4508ccace49ae481e
neris_change_the_weather,neris_change_the_weather,Change the Weather,neris,E,Base,ConceptArt/Skills/Vanguards/Neris/T_neris_change_the_weather_Icon.png,ceefcc7fcd62dc9ec501a0bd5058d0bd4d4981f7836db4ef699a40b921d84144
neris_tidebreaker,neris_tidebreaker,TIDEBREAKER,neris,R,Base,ConceptArt/Skills/Vanguards/Neris/T_neris_tidebreaker_Icon.png,e6433cf58e05090206500a115c19177862edbaa6879348feb81742a7bb6e746c
moro_wild_dominion,moro_wild_dominion,Wild Dominion,moro,Passive,Base,ConceptArt/Skills/Vanguards/Moro/T_moro_wild_dominion_Icon.png,5fba2e53f4546b93b3ea079e8ee2c47f25ddb6f67ff5a17b433d27f685c8e5be
moro_arc_bolt,moro_arc_bolt,Arc Bolt,moro,Q,Base,ConceptArt/Skills/Vanguards/Moro/T_moro_arc_bolt_Icon.png,310bc8a553f6f2d2b2eaa7dfc33c023ccdb40c07a8d5d21c7dfc82e3e88055d8
moro_bursting_ground,moro_bursting_ground,Bursting Ground,moro,W,Base,ConceptArt/Skills/Vanguards/Moro/T_moro_bursting_ground_Icon.png,dbfbbb662272d01619af49942e44d38906c0ea0969ac7b4dd5a183980b8abc13
moro_pounce,moro_pounce,Pounce,moro,E,Base,ConceptArt/Skills/Vanguards/Moro/T_moro_pounce_Icon.png,5ddcef44dd58fec504863996276d4ded9cc7296328f7470e146cf297f0b6114e
moro_wildstorm,moro_wildstorm,Wildstorm,moro,R,Base,ConceptArt/Skills/Vanguards/Moro/T_moro_wildstorm_Icon.png,fb9c5a2848698ad8674dfe4cb4d9c8d06c4e493b73216d632b943b40bb30df64
varkesh_stress_temper,varkesh_stress_temper,Stress Temper,varkesh,Passive,Base,ConceptArt/Skills/Vanguards/Varkesh/T_varkesh_stress_temper_Icon.png,3a8ab510c3d5df97f1ce6a293d91d5fd5d060c3b177827fdb1b399fe11d3c68d
varkesh_slagshot,varkesh_slagshot,Slagshot,varkesh,Q,Base,ConceptArt/Skills/Vanguards/Varkesh/T_varkesh_slagshot_Icon.png,49b54f24d354213e5c03b5acb6a2e4d0e219d1da7ef35bdb48f9caad3317d20a
varkesh_tempered_shell,varkesh_tempered_shell,Tempered Shell,varkesh,W,Base,ConceptArt/Skills/Vanguards/Varkesh/T_varkesh_tempered_shell_Icon.png,a4340924bf386c115b18ca06d67805cf0fc47ef4128e82df75c16aec5b8983b9
varkesh_molten_ground,varkesh_molten_ground,Molten Ground,varkesh,E,Base,ConceptArt/Skills/Vanguards/Varkesh/T_varkesh_molten_ground_Icon.png,8a615e03af789230eb784aee1c97c0ee5de191e96120778e2ace2da2ce31294e
varkesh_forge_divide,varkesh_forge_divide,Forge Divide,varkesh,R,Base,ConceptArt/Skills/Vanguards/Varkesh/T_varkesh_forge_divide_Icon.png,944142ebd5b847cfe4e45a3bacc442f28bdf471c335367224b187ec121df0d22
angeru_no_master,angeru_no_master,No Master,angeru,Passive,Base,ConceptArt/Skills/Vanguards/Angeru/T_angeru_no_master_Icon.png,c2aae7d96f91252d2e96d5d189251241f8644a5c164f0e2db74cfb1eadcae5c2
angeru_shadow_needle,angeru_shadow_needle,Shadow Needle,angeru,Q,Veil,ConceptArt/Skills/Vanguards/Angeru/T_angeru_shadow_needle_Icon.png,7aceb1c8febc944f481d819cd927f996c82a0613168d17e55c4d30c269878bd7
angeru_false_body,angeru_false_body,False Body,angeru,W,Veil,ConceptArt/Skills/Vanguards/Angeru/T_angeru_false_body_Icon.png,e1c944d6a1a4d884a3329bb399411a02b6078914e76895d3429d11bb80746f03
angeru_black_step,angeru_black_step,Black Step,angeru,E,Veil,ConceptArt/Skills/Vanguards/Angeru/T_angeru_black_step_Icon.png,c6497d399b79325939a6ef33ed765cd3e00c4ef7c78f7702eca44895b77edaad
angeru_flowing_cut,angeru_flowing_cut,Flowing Cut,angeru,Q,Blade,ConceptArt/Skills/Vanguards/Angeru/T_angeru_flowing_cut_Icon.png,e31059ef0a04092a0b4663b93a32b966f749c2f685d278a0ffb8a77fefb4a539
angeru_severing_arc,angeru_severing_arc,Severing Arc,angeru,W,Blade,ConceptArt/Skills/Vanguards/Angeru/T_angeru_severing_arc_Icon.png,f6b8e68b06b8eb001938463ca49954e8b0e6eb21a582b6168c1c599277d61ac6
angeru_passing_step,angeru_passing_step,Passing Step,angeru,E,Blade,ConceptArt/Skills/Vanguards/Angeru/T_angeru_passing_step_Icon.png,59e2379d164e91235d2dcde34b4d3fc8937984f48913077e3141f63a2d821a32
angeru_forsake_the_schools,angeru_forsake_the_schools,Forsake the Schools,angeru,R,Base,ConceptArt/Skills/Vanguards/Angeru/T_angeru_forsake_the_schools_Icon.png,be96ea5225f08145fafce52c8dd32db3b9f34ca0d3d4e8da0f03f0b2f7959790
sylra_follow_the_bell,sylra_follow_the_bell,Follow the Bell,sylra,Passive,Base,ConceptArt/Skills/Vanguards/Sylra/T_sylra_follow_the_bell_Icon.png,2b7534407306782e3c3f40835d52c6c177937e277b50a22c847ba999503d2e1b
sylra_harbor_bell,sylra_harbor_bell,Harbor Bell,sylra,Q,Base,ConceptArt/Skills/Vanguards/Sylra/T_sylra_harbor_bell_Icon.png,2d06ca12a5290b1309839255ff4af2d06850119805d2cf81338f07293e0b1dd7
sylra_lay_the_mist,sylra_lay_the_mist,Lay the Mist,sylra,W,Base,ConceptArt/Skills/Vanguards/Sylra/T_sylra_lay_the_mist_Icon.png,d01a374a6ee1d1ac62e156734421fa69c5574a5ce07c9adf1011b1341e20328f
sylra_waymark,sylra_waymark,Waymark,sylra,E,Base,ConceptArt/Skills/Vanguards/Sylra/T_sylra_waymark_Icon.png,0feab1097d2f75bfcea18b2ff91bd63868d5b96cb85eafb3abf94c41b450ae5c
sylra_through_the_white,sylra_through_the_white,Through the White,sylra,R,Base,ConceptArt/Skills/Vanguards/Sylra/T_sylra_through_the_white_Icon.png,5483778c3011bc7d7c5cd0933365242b8efb6fed7738f5991112b0412f64ecb8
mavra_hazard_exposure,mavra_hazard_exposure,Hazard Exposure,mavra,Passive,Base,ConceptArt/Skills/Vanguards/Mavra/T_mavra_hazard_exposure_Icon.png,eea11fce216cbb5de6016f5cb1a1fcdca48093c8cfb1d3545fa16dadef412fa9
mavra_caustic_line,mavra_caustic_line,Caustic Line,mavra,Q,Base,ConceptArt/Skills/Vanguards/Mavra/T_mavra_caustic_line_Icon.png,7d0ce6c1f62b3665c20578366db65d6935a8540793fd9db20aa7893dee72c9a5
mavra_flash_cure,mavra_flash_cure,Flash Cure,mavra,W,Base,ConceptArt/Skills/Vanguards/Mavra/T_mavra_flash_cure_Icon.png,9ec36afdfac4a59aee4587a2bb43ded0cefa76d0718944e943ee4c949e723633
mavra_pressure_leak,mavra_pressure_leak,Pressure Leak,mavra,E,Base,ConceptArt/Skills/Vanguards/Mavra/T_mavra_pressure_leak_Icon.png,06e8ddfc43db3acf5d3b141158237c069e54adb651f3848116aa61ec37bf8325
mavra_code_black,mavra_code_black,CODE BLACK,mavra,R,Base,ConceptArt/Skills/Vanguards/Mavra/T_mavra_code_black_Icon.png,aee1818f6d4cb4706317a46b21d8bc545be06cf63baa42da042ba20c9885c6a8
mimzi_pocket_hex,mimzi_pocket_hex,Pocket Hex,mimzi,Passive,Base,ConceptArt/Skills/Vanguards/Mimzi/T_mimzi_pocket_hex_Icon.png,c5dd390ddfdb86faa0f123959a7fd4abf69704317370e352769d6a39cc0b292e
mimzi_twinklebolt,mimzi_twinklebolt,Twinklebolt,mimzi,Q,Base,ConceptArt/Skills/Vanguards/Mimzi/T_mimzi_twinklebolt_Icon.png,0769b5af3baf5317e3f32244cb5f9fd6ffaa165ea93e34fdd1b2c84bee81f8c2
mimzi_winkbomb,mimzi_winkbomb,Winkbomb,mimzi,W,Base,ConceptArt/Skills/Vanguards/Mimzi/T_mimzi_winkbomb_Icon.png,624f378a93371d527f23211fcc2dcc36ab216cfe9447fe60323a3139b38a8025
mimzi_now_you_see_me,mimzi_now_you_see_me,Now You See Me!,mimzi,E,Base,ConceptArt/Skills/Vanguards/Mimzi/T_mimzi_now_you_see_me_Icon.png,76b062d85f34f599d3afe61591efffd0df373c075cc4498699639da0647357ea
mimzi_grand_prank,mimzi_grand_prank,Grand Prank!,mimzi,R,Base,ConceptArt/Skills/Vanguards/Mimzi/T_mimzi_grand_prank_Icon.png,f5d4f1d0add9b7c76b4b6eab99faf3bd8474946457546224e66daf952d6a7e68
celandrine_never_break_stride,celandrine_never_break_stride,Never Break Stride,celandrine,Passive,Base,ConceptArt/Skills/Vanguards/Celandrine/T_celandrine_never_break_stride_Icon.png,6801059c5b1aff00a4153382d39e093fef9b6d7c7fa547c1a2696faef2fe95a9
celandrine_doubletime,celandrine_doubletime,Doubletime,celandrine,Q,Base,ConceptArt/Skills/Vanguards/Celandrine/T_celandrine_doubletime_Icon.png,163cbd7ba289a2b1bdb52efe5aa86368a79750525ae1201b0c58971025aa3b5b
celandrine_briar_scatter,celandrine_briar_scatter,Briar Scatter,celandrine,W,Base,ConceptArt/Skills/Vanguards/Celandrine/T_celandrine_briar_scatter_Icon.png,2fb06ad05ff4d5f1a5921936784b173c78353f10d0b80399024879c879741c6d
celandrine_sidebound,celandrine_sidebound,Sidebound,celandrine,E,Base,ConceptArt/Skills/Vanguards/Celandrine/T_celandrine_sidebound_Icon.png,bb41bf956a4bf0c140a939211ccdc59564e29cacd7924e26dc4e47cacf16e130
celandrine_open_road,celandrine_open_road,OPEN ROAD!,celandrine,R,Base,ConceptArt/Skills/Vanguards/Celandrine/T_celandrine_open_road_Icon.png,46b7c563afa66822b81bb4675ff3e4571b74010237d8d2a0d87d8adb44a09352
gorraveth_no_time_to_bleed,gorraveth_no_time_to_bleed,No Time to Bleed,gorraveth,Passive,Base,ConceptArt/Skills/Vanguards/Gorraveth/T_gorraveth_no_time_to_bleed_Icon.png,3674216f972fe059148a20483f782b9cd5462a4336b2b2dffe9b66d8668a65c8
gorraveth_rip_through,gorraveth_rip_through,Rip Through,gorraveth,Q,Base,ConceptArt/Skills/Vanguards/Gorraveth/T_gorraveth_rip_through_Icon.png,17e57eaff2533fe1743f174b4f1f79d6cba2a8aff2ccb9cdcdb9f38e91fba1af
gorraveth_furnace_rake,gorraveth_furnace_rake,Furnace Rake,gorraveth,W,Base,ConceptArt/Skills/Vanguards/Gorraveth/T_gorraveth_furnace_rake_Icon.png,4ff2267767154b5ee9446155a5019514c58d0640c8aeb13542be131c1d1e50d0
gorraveth_ravine_bound,gorraveth_ravine_bound,Ravine Bound,gorraveth,E,Base,ConceptArt/Skills/Vanguards/Gorraveth/T_gorraveth_ravine_bound_Icon.png,66e9a0cf49462c6a8e5ffbafe3f8fb918f4b02d9253ae7f73fa1f26df6e37422
gorraveth_tear_them_apart,gorraveth_tear_them_apart,TEAR THEM APART,gorraveth,R,Base,ConceptArt/Skills/Vanguards/Gorraveth/T_gorraveth_tear_them_apart_Icon.png,d5af5d0a9d441cc15411d0fb94d0591f22dbb162d8c72f8d65cfb2ac8107b327
aurelisse_slipstream,aurelisse_slipstream,Slipstream,aurelisse,Passive,Base,ConceptArt/Skills/Vanguards/Aurelisse/T_aurelisse_slipstream_Icon.png,1b90d8699148d7fbe6abea78e43a2da28da662dfa8ee54faf387e7840736d895
aurelisse_crosswind,aurelisse_crosswind,Crosswind,aurelisse,Q,Base,ConceptArt/Skills/Vanguards/Aurelisse/T_aurelisse_crosswind_Icon.png,ae4715d6e3dd4ed0331dbce4b19d879ae7cb12b1e690a9d8e441d5fa723e539b
aurelisse_rising_current,aurelisse_rising_current,Rising Current,aurelisse,W,Base,ConceptArt/Skills/Vanguards/Aurelisse/T_aurelisse_rising_current_Icon.png,64747780ad102d9d783c45744c3b1cc93080067165a14e2c4620e5a8d0e8a835
aurelisse_windward,aurelisse_windward,Windward,aurelisse,E,Base,ConceptArt/Skills/Vanguards/Aurelisse/T_aurelisse_windward_Icon.png,1c5f7e1c7a1ddf9f9b1b4b0eaa7077aaadbf5fd5f5f7a5940c68c0cab5c9e649
aurelisse_room_to_breathe,aurelisse_room_to_breathe,ROOM TO BREATHE,aurelisse,R,Base,ConceptArt/Skills/Vanguards/Aurelisse/T_aurelisse_room_to_breathe_Icon.png,b3f1ed7367ab09bc1e82c61dd56a07d1d7b542b7c630f3d875a9785fafd0a84e
eudora_all_hands,eudora_all_hands,All Hands,eudora,Passive,Base,ConceptArt/Skills/Vanguards/Eudora/T_eudora_all_hands_Icon.png,d804699c146ce0e85b67b18e56a01b3377fd994cdab558ca02312852c82f5fbb
eudora_drive_rivet,eudora_drive_rivet,Drive Rivet,eudora,Q,Base,ConceptArt/Skills/Vanguards/Eudora/T_eudora_drive_rivet_Icon.png,328eb78c926f20cd3b6de5181389bd882290995fc6e4d735f99d89cbf5cd996d
eudora_set_the_picket,eudora_set_the_picket,Set the Picket,eudora,W,Base,ConceptArt/Skills/Vanguards/Eudora/T_eudora_set_the_picket_Icon.png,366477faef7dbc785e3a6733d9b7b32fdff3aa0b588ba5fdf30ce30baa3b39ad
eudora_raise_the_bulwark,eudora_raise_the_bulwark,Raise the Bulwark,eudora,E,Base,ConceptArt/Skills/Vanguards/Eudora/T_eudora_raise_the_bulwark_Icon.png,25e1ec3c6cb70450707134ceeab748591d7ce467aa3935eb0f24ecabe49467d2
eudora_move_the_line,eudora_move_the_line,MOVE THE LINE!,eudora,R,Base,ConceptArt/Skills/Vanguards/Eudora/T_eudora_move_the_line_Icon.png,d44f343a7cc1db9bd45f4c002e823fdb93b498d65f68926fe4976b2a349bef6a
,raska_roadhouse,Roadhouse,raska,Passive,Empowered attack,ConceptArt/SkillStates/Raska/T_raska_roadhouse_Icon.png,d6876919f6aec018b8fb2dfeaaaab8a4d56debf9cae17cf25db6359a3f1aebbc
raska_breakneck_through,raska_breakneck_through,Breakneck — Follow-through,raska,Q,Recast,ConceptArt/Skills/Vanguards/Raska/T_raska_breakneck_through_Icon.png,51a15e18a911f970001d3569b83ce81470b3720c97e528aa44bcaede1514f0e4
raska_breakneck_redlined,raska_breakneck_redlined,Breakneck — Redlined,raska,Q,Redlined,ConceptArt/Skills/Vanguards/Raska/T_raska_breakneck_redlined_Icon.png,cd5f9523c096263b796b1719abbbf6f7f242f843e6cc3e939c90fe0487ec626d
raska_countersteer_redlined,raska_countersteer_redlined,Countersteer — Redlined,raska,W,Redlined,ConceptArt/Skills/Vanguards/Raska/T_raska_countersteer_redlined_Icon.png,b75b31a63c98edf59a9da41c997b3bf89bbbed9ba6fa232595d18e1a13593489
raska_sideswipe,raska_sideswipe,Sideswipe,raska,Q,Mounted,ConceptArt/Skills/Vanguards/Raska/T_raska_sideswipe_Icon.png,7f8d7615493191197df1ad69c5503dad2b2115f2a7c7439cabcac9ce9a1a548a
raska_powerslide,raska_powerslide,Powerslide,raska,W,Mounted,ConceptArt/Skills/Vanguards/Raska/T_raska_powerslide_Icon.png,9f1ae4a361aee492baf17cc05dff231f5fad002aa0aa512a78cd040c9d537372
raska_bail_out,raska_bail_out,Bail Out,raska,E,Mounted,ConceptArt/Skills/Vanguards/Raska/T_raska_bail_out_Icon.png,e60a7cdfc4afdf938972cb0d8f9343db34fcafa3b9c0644cfb6a58fc697e6d7c
raska_last_exit,raska_last_exit,Last Exit,raska,R,Recast,ConceptArt/Skills/Vanguards/Raska/T_raska_last_exit_Icon.png,bdc4826b4c143bb4f52e0bde942f430c1f57ce5442da8563310137f7fa88c328
,raska_sideswipe_redlined,Sideswipe — Redlined,raska,Q,Redlined mounted,ConceptArt/SkillStates/Raska/T_raska_sideswipe_redlined_Icon.png,96b291e75d52ba974cc75c6cfe9743d31acd6f73dff33ad9a1b5fa1372e6f0bb
,raska_powerslide_redlined,Powerslide — Redlined,raska,W,Redlined mounted,ConceptArt/SkillStates/Raska/T_raska_powerslide_redlined_Icon.png,ee73ebe7653556919614c2c8470766d427cfcb63160106832d3e95c7b9a3c125
,raska_bail_out_redlined,Bail Out — Redlined,raska,E,Redlined mounted,ConceptArt/SkillStates/Raska/T_raska_bail_out_redlined_Icon.png,700b6043545c27c8559ddc1fb3c8769ea4ad795241d95ff539c7dc58b06405fc
kade_kill_corridor_shot,kade_kill_corridor_shot,Kill Corridor — Fire,kade,R,Recast,ConceptArt/Skills/Vanguards/Kade/T_kade_kill_corridor_shot_Icon.png,a201d833fe8620f61f2c10e48e81459d38c3b94eff03855afd6a7687d56cad2f
patch_bear_hug_throw,patch_bear_hug_throw,Bear Hug — Release,patch,Q,Recast,ConceptArt/Skills/Vanguards/Patch/T_patch_bear_hug_throw_Icon.png,46a5e600f6164d3c79a2d846dd807bea2bbc1be85282ad980546f940491b26de
patch_bear_hug_inside,patch_bear_hug_inside,Bear Hug — The Thing Inside,patch,Q,Transformed,ConceptArt/Skills/Vanguards/Patch/T_patch_bear_hug_inside_Icon.png,88dd66faeb2fc3613204717e2f326bfb6fcb7f97f4c3fb5b834d926bb2d225c0
,tavi_hide_burst,Hide! — Burst,tavi,W,Recast,ConceptArt/SkillStates/Tavi/T_tavi_hide_burst_Icon.png,6312792b07b1302da5e0aef13fdc2a7dbf392e6f91c5898c4eae64a7d5695f15
tavi_tag_again,tavi_tag_recast,Tag! — Again,tavi,E,Recast,ConceptArt/Skills/Vanguards/Tavi/T_tavi_tag_again_Icon.png,1bfdf1adfb7b1d7ed4e459da9fbac79e5bc702ca076c60d38347663898811fc0
tavi_ready_or_not_again,tavi_ready_or_not_recast,Ready or Not! — Next Playmate,tavi,R,Recast,ConceptArt/Skills/Vanguards/Tavi/T_tavi_ready_or_not_again_Icon.png,73c720aaa3b22383161f23c621f6df51ff2b16dcfb3246380429356e5ee1394a
vera_dig_in_volley,vera_dig_in_volley,Dig In — Last Volley,vera,W,Empowered,ConceptArt/Skills/Vanguards/Vera/T_vera_dig_in_volley_Icon.png,737a541b3fc69debb6aaf4c475a97c8f34d8ffbd79d5c11868ce276c0bbe5b8e
torr_anchor_rip,torr_anchor_recast,Anchor — Rip Free,torr,E,Recast,ConceptArt/Skills/Vanguards/Torr/T_torr_anchor_rip_Icon.png,4320811f8e38ff43fe426cc0b70ea7c5d20795d9703e9ce99698380c520ce64d
marek_hunt_recall,marek_hunt_recall,Hunt — Recall,marek,W,Recast,ConceptArt/Skills/Vanguards/Marek/T_marek_hunt_recall_Icon.png,a24590eaacab6d49930a1a53403488df03f4c94b67b8e26985af29fd6cd43655
,neris_breaking_wave_calm,Breaking Wave — Calm,neris,Q,Calm,ConceptArt/SkillStates/Neris/T_neris_breaking_wave_calm_Icon.png,7ad2478cbfa8a348798b9fd22c200dc01c103732515182e5a8c42777c983c47a
neris_breaking_wave_storm,neris_breaking_wave_storm,Breaking Wave — Storm,neris,Q,Storm,ConceptArt/Skills/Vanguards/Neris/T_neris_breaking_wave_storm_Icon.png,3be5c0d6efb963723e14033801f93bd9d2d5665994c45d2ce60a4f31267d3ca6
neris_wave_crash,neris_breaking_wave_crash_calm,Breaking Wave — Calm Crash,neris,Q,Calm recast,ConceptArt/Skills/Vanguards/Neris/T_neris_wave_crash_Icon.png,a445a799d15dc21260a9a2cfc8a486a27c29d2c724fcf1287fd9c4681a2a5c3c
,neris_breaking_wave_crash_storm,Breaking Wave — Storm Crash,neris,Q,Storm recast,ConceptArt/SkillStates/Neris/T_neris_breaking_wave_crash_storm_Icon.png,a855a162790271bfa7fe483261fdc73f320cc8ccddfe4a2a290b99b15c59d748
,neris_little_current_calm,Little Current — Calm,neris,W,Calm,ConceptArt/SkillStates/Neris/T_neris_little_current_calm_Icon.png,29138d3017d3a3e5c979d80c4fce16b5887f60dde0844c5f66c1ee280f6e3e92
neris_little_current_storm,neris_little_current_storm,Little Current — Storm,neris,W,Storm,ConceptArt/Skills/Vanguards/Neris/T_neris_little_current_storm_Icon.png,7b68bc6eeb116e2845ae205ff8c7c7bf27103e9021817ed1642674f9d7433043
neris_little_current_redirect,neris_little_current_redirect_calm,Little Current — Calm Redirect,neris,W,Calm recast,ConceptArt/Skills/Vanguards/Neris/T_neris_little_current_redirect_Icon.png,af55d79f759492d5a99c8c0b05db97a103cc98f44d7ae21994f38a45e75830a4
neris_little_current_storm_redirect,neris_little_current_redirect_storm,Little Current — Storm Redirect,neris,W,Storm recast,ConceptArt/Skills/Vanguards/Neris/T_neris_little_current_storm_redirect_Icon.png,94a1ea0e26d08d50f11f227b87eb3ea966a40dce9517472038229269cb61a71c
,neris_change_the_weather_calm,Change the Weather — Calm,neris,E,Switch to Calm,ConceptArt/SkillStates/Neris/T_neris_change_the_weather_calm_Icon.png,c7906164b8a7c46109f56e794ba7acd965ae70092b83c0be8624337d7851e5d3
,neris_change_the_weather_storm,Change the Weather — Storm,neris,E,Switch to Storm,ConceptArt/SkillStates/Neris/T_neris_change_the_weather_storm_Icon.png,6707d5681277937b861c04fd0ad325c4655b219909aa22c07ec70a2c4ec1c07d
,neris_tidebreaker_calm,TIDEBREAKER — Healing Wake,neris,R,Calm,ConceptArt/SkillStates/Neris/T_neris_tidebreaker_calm_Icon.png,f1e6516e390007c92fac86fc351a791fa1ff34f63eb22afac6ff2e765b93f778
neris_tidebreaker_storm,neris_tidebreaker_storm,TIDEBREAKER — Riptide,neris,R,Storm,ConceptArt/Skills/Vanguards/Neris/T_neris_tidebreaker_storm_Icon.png,b22512e0f8cc6d0b804bd8a8df7f8d5221fa70d690b27f3ac310d4dba068d492
varkesh_shatterforge,varkesh_shatterforge,Shatterforge,varkesh,R,Recast,ConceptArt/Skills/Vanguards/Varkesh/T_varkesh_shatterforge_Icon.png,88d71142c34ebef39826699513d041481d3081cd4c323d575a0dc6b69d6ce7d4
angeru_false_body_swap,angeru_false_body_swap,False Body — Exchange,angeru,W,Veil recast,ConceptArt/Skills/Vanguards/Angeru/T_angeru_false_body_swap_Icon.png,fe003d3d6a826805c6a025e4f8f172cdd7eef60fc464de799225e4587510394e
,angeru_forsake_the_schools_blade,Forsake the Schools — Blade,angeru,R,Switch to Blade,ConceptArt/SkillStates/Angeru/T_angeru_forsake_the_schools_blade_Icon.png,2e9c5753d3cbc39662a9ffd4dc84366d5d5c28ab3d73d93b2b0717f675eca265
,angeru_forsake_the_schools_veil,Forsake the Schools — Veil,angeru,R,Switch to Veil,ConceptArt/SkillStates/Angeru/T_angeru_forsake_the_schools_veil_Icon.png,4b6e514b0798fc5ff192f48d182bade420e1b348cda72468d3d7629bc2dcb45c
gorraveth_rip_through_hunt,gorraveth_rip_through_hunt,Rip Through — Hunting Frenzy,gorraveth,Q,Empowered,ConceptArt/Skills/Vanguards/Gorraveth/T_gorraveth_rip_through_hunt_Icon.png,3ddeb904c176168e672e7639b2c6a9be892ef3531199cb01ddcca1f18bc261f0
gorraveth_furnace_rake_hunt,gorraveth_furnace_rake_hunt,Furnace Rake — Hunting Frenzy,gorraveth,W,Empowered,ConceptArt/Skills/Vanguards/Gorraveth/T_gorraveth_furnace_rake_hunt_Icon.png,00a8714779c3d679c59befeacf75715373fd01d22ceab5b3ff06de1154627bef
,eudora_lower_the_bulwark,Raise the Bulwark — Gun Platform,eudora,E,Recast,ConceptArt/SkillStates/Eudora/T_eudora_lower_the_bulwark_Icon.png,a86b9b9ac800fc2f7c22b68f1751654c595100a670903b0a96032ebf8339d292
