Key,SourceString,Comment
vanguard.cairn.name,"Cairn","Initial Roster Character Bible §18"
vanguard.cairn.title,"The River's Grasp",""
passive.cairn_deep_foundation.name,"Deep Foundation",""
passive.cairn_deep_foundation.description,"Stunning or pulling an enemy Vanguard shields Cairn. The same enemy cannot shield him again for a while.",""
ability.cairn_iron_grasp.name,"Iron Grasp",""
ability.cairn_iron_grasp.description,"Throws a hook that pushes other units aside and pulls the first enemy Vanguard it hits back to Cairn.",""
ability.cairn_crushing_hold.name,"Crushing Hold",""
ability.cairn_crushing_hold.description,"Slams the ground in front of him: close enemies are damaged and stunned, those further out are slowed.",""
ability.cairn_immovable.name,"Immovable",""
ability.cairn_immovable.description,"Braces: he takes less damage and is moved less far, but walks slower, and nearby allies take less damage. Cast again to stop early.",""
ability.cairn_burden_of_the_depths.name,"Burden of the Depths",""
ability.cairn_burden_of_the_depths.description,"Drags nearby enemies in, damaging and stunning them and slowing those further out; he gains a shield for each enemy Vanguard caught.",""
vanguard.qazharr.name,"Qazharr","Initial Roster Character Bible §13"
vanguard.qazharr.title,"The Harbor Wolf",""
passive.qazharr_sea_dog.name,"Sea Dog",""
passive.qazharr_sea_dog.description,"Attacking the same enemy Vanguard again and again speeds up his attacks. Switching targets or leaving combat loses it.",""
ability.qazharr_heavy_hand.name,"Heavy Hand",""
ability.qazharr_heavy_hand.description,"Empowers his next basic attack: extra damage and a slow, and it cleaves enemies around the target.",""
ability.qazharr_weather_it.name,"Weather It",""
ability.qazharr_weather_it.description,"Shields him briefly, and crowd control on him wears off faster.",""
ability.qazharr_boarding_rush.name,"Boarding Rush",""
ability.qazharr_boarding_rush.description,"Dashes toward the cursor and stops at the first enemy, damaging it; hitting one gives him a burst of speed.",""
ability.qazharr_no_quarter.name,"NO QUARTER",""
ability.qazharr_no_quarter.description,"After a short windup, cleaves a wide arc in front of him and knocks enemies aside. Hitting an enemy Vanguard sends him into a frenzy: faster, cleaving attacks and a rush toward enemy Vanguards.",""
vanguard.oriel.name,"Oriel","Initial Roster Character Bible §20"
vanguard.oriel.title,"The Waiting Light",""
passive.oriel_gathering_light.name,"Gathering Light",""
passive.oriel_gathering_light.description,"Damaging abilities that hit an enemy Vanguard gather light. After three, her next hit also fires a fragment of light for extra magic damage.",""
ability.oriel_splinter_lance.name,"Splinter Lance",""
ability.oriel_splinter_lance.description,"Throws a lance of light that damages the first enemy it hits.",""
ability.oriel_shattered_sky.name,"Shattered Sky",""
ability.oriel_shattered_sky.description,"Marks an area; after a moment, light strikes it, damaging and slowing enemies inside.",""
ability.oriel_mirror_veil.name,"Mirror Veil",""
ability.oriel_mirror_veil.description,"Shields her briefly and gives her a burst of speed.",""
ability.oriel_final_radiance.name,"Final Radiance",""
ability.oriel_final_radiance.description,"Channels a long beam of light in front of her, damaging enemies in it again and again.",""
vanguard.bryn.name,"Bryn","Initial Roster Character Bible §19"
vanguard.bryn.title,"The Harbor Gun",""
passive.bryn_breach.name,"Every Shot Counts",""
passive.bryn_breach.description,"Every third attack in a row on an enemy Vanguard breaches it: extra damage, and a blast that hits enemies behind it.",""
ability.bryn_breach_round.name,"Breach Round",""
ability.bryn_breach_round.description,"Loads her next basic attack: it ignores part of the target's armor, deals extra damage, and blasts enemies behind the target.",""
ability.bryn_sounding_flare.name,"Sounding Flare",""
ability.bryn_sounding_flare.description,"Fires a flare at a spot, slowing enemies there.",""
ability.bryn_kickback.name,"Kickback",""
ability.bryn_kickback.description,"Blasts a cone toward the cursor, damaging and slowing enemies, and the recoil throws her backward.",""
ability.bryn_last_broadside.name,"Last Broadside",""
ability.bryn_last_broadside.description,"Calls a broadside on an area: after a moment it lands, dealing heavy damage in the middle, more to wounded enemies, and less around it.",""
